NgÃ y,Giá»,Ná»™i dung ,HÃ¬nh áº£nh,link bÃ i post,Tráº¡ng thÃ¡i
,,,,,
,,,,,
22/09/2025,08:00,"Cáº­p nháº­t tiáº¿n Ä‘á»™ hoÃ n thiá»‡n nhÃ  phá»‘ TÃ¢y Tá»±u thÃ¡ng 08/2025
Cáº£m Æ¡n quÃ½ khÃ¡ch hÃ ng Ä‘Ã£ tin tÆ°á»Ÿng lá»±a chá»n chÃºng tÃ´i thi cÃ´ng
-----------------------------------------------------
ThÃ´ng tin cÃ´ng trÃ¬nh:
Äá»‹a chá»‰: TÃ¢y Tá»±u, HÃ  Ná»™i
Diá»‡n tÃ­c: 400m2
Thá»i gian thi cÃ´ng: 03/2025 - nay
-----------------------------------------------------
âœ… Báº£o hÃ nh há»‡ thá»‘ng 5 nÄƒm
âœ… Miá»…n phÃ­ tÆ° váº¥n thiáº¿t káº¿ cÃ´ng nÄƒng
âœ… Há»“ sÆ¡ thá»§ tá»¥c Ä‘Äƒng kÃ½ thi cÃ´ng, nghiá»‡m
âœ… Há»— trá»£ thá»§ tá»¥c vay vá»‘n ngÃ¢n sÃ¡ch nhÃ  nÆ°á»›c
âœ… Äáº£m báº£o tiáº¿n Ä‘á»™ cháº¥t lÆ°á»£ng, chá»§ng loáº¡i váº­t tÆ° Ä‘Ã£ cam káº¿t vá»›i khÃ¡ch hÃ ng
âœ… Ká»¹ sÆ° giÃ¡m sÃ¡t trá»±c tiáº¿p, bÃ¡o cÃ¡o cÃ´ng viá»‡c online hÃ ng ngÃ y
âœ… Thiáº¿t káº¿ - thi cÃ´ng trá»n gÃ³i, chÃ¬a khÃ³a trao tay
â­ CÃ´ng ty cá»• pháº§n giáº£i phÃ¡p cÆ¡ Ä‘iá»‡n vÃ  xÃ¢y dá»±ng BÃ¡ch NgÃ¢n luÃ´n Ä‘á»“ng hÃ nh vÃ  sÃ¡t cÃ¡nh cÃ¹ng KhÃ¡ch hÃ ng, giÃ¡m sÃ¡t tá»«ng giai Ä‘oáº¡n thi cÃ´ng cá»§a cÃ´ng trÃ¬nh Ä‘áº¿n khi hoÃ n thÃ nh tiáº¿n Ä‘á»™ vÃ  bÃ n giao cho Chá»§ Ä‘áº§u tÆ°.
â­ CÃ´ng ty cá»• pháº§n giáº£i phÃ¡p cÆ¡ Ä‘iá»‡n vÃ  xÃ¢y dá»±ng BÃ¡ch NgÃ¢n luÃ´n Ä‘Æ°a ra cÃ¡c giáº£i phÃ¡p thi cÃ´ng tÃ´i Æ°u, sá»­ dá»¥ng cÃ¡c váº­t tÆ° xanh vá»›i mÃ´i trÆ°á»ng, cÃ´ng tÃ¡c báº£o trÃ¬ báº£o hÃ nh trong thá»i gian ngáº¯n nháº¥t.
â˜ï¸ Hotline: 085.865.1818
ğŸ¡ Address: Sá»‘ 19, tá»• 3 TÃ¬nh Quang, phÆ°á»ng Viá»‡t HÆ°ng, HÃ  Ná»™i
ğŸ“© Email: bachngancons@gmail.com",,fb.com/685584137972236_122138976398916717,HoÃ n thÃ nh
24/09/2025,10:00,"âœ‚ï¸ TÆ¯ Váº¤N QUY TRÃŒNH Cáº®T Äáº¦U Cá»ŒC BÃŠ TÃ”NG 150Ã—150 (chuáº©n cÃ´ng trÆ°á»ng)

KÃ­nh chÃ o QuÃ½ khÃ¡ch! LÃ  Ä‘Æ¡n vá»‹ thi cÃ´ng trá»n gÃ³i nhiá»u nÄƒm kinh nghiá»‡m, vá»›i Ä‘á»™i ngÅ© ká»¹ sÆ°, chuyÃªn gia tá»« Viá»‡t Nam, lÃ m Ä‘Ãºng theo tiÃªu chuáº©n ISO Viá»‡t, chÃºng tÃ´i xin chia sáº» nhanh vá» quy trÃ¬nh cáº¯t Ä‘áº§u cá»c bÃª tÃ´ng sau khi Ã©p cá»c â€“ phÆ°Æ¡ng phÃ¡p Ä‘Æ°á»£c Æ°u tiÃªn cho mÃ¡y mÃ³c thiáº¿t bá»‹ cáº§m tay

ğŸ§° Chuáº©n bá»‹

ğŸ“ XÃ¡c Ä‘á»‹nh COL (cao Ä‘á»™ cáº¯t) báº±ng laser/thá»§y bÃ¬nh, káº» váº¡ch 4 máº·t.

ğŸ“„ Kiá»ƒm tra nháº­t kÃ½ Ã©p cá»c, tim cá»c, hiá»‡n tráº¡ng ná»©t/vá»¡.

âš™ï¸ Thiáº¿t bá»‹: mÃ¡y cáº¯t Ä‘Ä©a, mÃ¡y Ä‘á»¥c 11â€“17 kg (Ä‘áº§u dáº¹t), kÃ¬m cá»™ng lá»±c, mÃ¡y mÃ i, chá»•i thÃ©p.

ğŸ¦º PPE & rÃ o cháº¯n: mÅ©, kÃ­nh, gÄƒng, giÃ y mÅ©i thÃ©p; biá»ƒn cáº£nh bÃ¡o.

ğŸš§ Quy trÃ¬nh 6 bÆ°á»›c (gá»n â€“ nhanh â€“ chuáº©n)

ğŸŸ¥ ÄÃ¡nh dáº¥u COL: chuyá»ƒn cao Ä‘á»™, váº¡ch kÃ­n 360Â°.

ğŸ”ª Ráº¡ch khe nÃ´ng theo váº¡ch Ä‘á»ƒ khá»‘ng cháº¿ ná»©t lan.

ğŸª“ Äá»¥c lá»›p báº£o vá»‡: Ä‘á»¥c tá»« ngoÃ i vÃ o trong, lá»›p má»ng 1â€“2 cm; cáº¯t Ä‘ai, khÃ´ng tÃ¡c Ä‘á»™ng thÃ©p dá»c.

ğŸ§½ Chá»‰nh cao Ä‘á»™: mÃ i/Ä‘á»¥c tinh Ä‘áº¿n Ä‘Ãºng COL (Â±5â€“10 mm), máº·t pháº³ng, cáº¡nh gá»n.

ğŸ§² Xá»­ lÃ½ thÃ©p dá»c: lÃ m sáº¡ch rá»‰, sÆ¡n chá»‘ng gá»‰; kiá»ƒm tra chiá»u dÃ i neo theo báº£n váº½.

ğŸ›¡ï¸ Che phá»§ & vá»‡ sinh: phá»§ nilon chá»‘ng áº©m/báº©n, thu gom pháº¿ tháº£i.

âœ… YÃªu cáº§u ká»¹ thuáº­t

ğŸ¯ Äá»‰nh bÃª tÃ´ng Ä‘Ãºng COL, pháº³ng â€“ cháº¯c.

ğŸ§µ Giá»¯ nguyÃªn thÃ©p dá»c (Ä‘á»§ chiá»u dÃ i chá»/neo); chá»‰ cáº¯t Ä‘ai trong pháº¡m vi Ä‘áº§u cá»c.

ğŸ§© KhÃ´ng gÃ¢y ná»©t thÃ¢n cá»c.

âš ï¸ Lá»—i thÆ°á»ng gáº·p & cÃ¡ch xá»­ lÃ½

âœ‚ï¸ Cáº¯t cá»¥t thÃ©p dá»c â†’ Dá»«ng, bÃ¡o thiáº¿t káº¿/TVGS; ná»‘i coupler/hÃ n theo chá»‰ dáº«n.

ğŸ“‰ Lá»‡ch cao Ä‘á»™

QuÃ¡ tháº¥p: xin Ã½ kiáº¿n TVGS, cÃ³ thá»ƒ Ä‘áº¯p vá»¯a sá»­a chá»¯a Ä‘Ãºng chá»§ng loáº¡i.

QuÃ¡ cao: mÃ i/Ä‘á»¥c tinh thÃªm.

Máº¹o: luÃ´n Ä‘á»¥c cao hÆ¡n COL 1â€“2 cm rá»“i mÃ i vá».

ğŸª¨ Ná»©t thÃ¢n cá»c khi Ä‘á»¥c â†’ Dá»«ng; Ä‘Ã¡nh giÃ¡ & khoan bÆ¡m grout/quáº¥n Ä‘ai theo thiáº¿t káº¿.

ğŸ§± Rá»— â€“ máº» cáº¡nh lá»›n â†’ VÃ¡ vá»¯a sá»­a chá»¯a, táº¡o nhÃ¡m â€“ vá»‡ sinh â€“ tÆ°á»›i áº©m Ä‘Ãºng quy trÃ¬nh.

ğŸ§ª ThÃ©p dá»c rá»‰ â†’ LÃ m sáº¡ch cÆ¡ há»c, sÆ¡n chá»‘ng gá»‰ láº¡i; che phá»§ ngay sau khi Ä‘á»¥c.

ğŸŒ«ï¸ Bá»¥i/á»“n â†’ Xá»‹t áº©m, che cháº¯n; phÃ¢n loáº¡i & chuyá»ƒn tháº£i Ä‘Ãºng quy Ä‘á»‹nh.

ğŸ“‹ Checklist nhanh (in dÃ¡n táº¡i vá»‹ trÃ­ thi cÃ´ng)

â˜‘ï¸ Váº¡ch COL Ä‘á»§ 4 máº·t + ráº¡ch khe

â˜‘ï¸ Äá»¥c lá»›p má»ng, cáº¯t Ä‘ai â€“ giá»¯ thÃ©p dá»c

â˜‘ï¸ Äá»‰nh bÃª tÃ´ng Ä‘Ãºng COL (Â±5â€“10 mm), máº·t pháº³ng

â˜‘ï¸ ThÃ©p dá»c Ä‘á»§ chiá»u dÃ i, Ä‘Ã£ chá»‘ng gá»‰

â˜‘ï¸ Che phá»§ â€“ vá»‡ sinh â€“ áº£nh nghiá»‡m thu trÆ°á»›c/sau

Giá»¯ nguyÃªn thÃ©p dá»c (Ä‘á»§ chiá»u dÃ i chá»/neo); chá»‰ cáº¯t Ä‘ai trong pháº¡m vi Ä‘áº§u cá»c.

â˜ï¸ Hotline: 085.865.1818

ğŸ¡ Address: Sá»‘ 19, tá»• 3 TÃ¬nh Quang, phÆ°á»ng Viá»‡t HÆ°ng, HÃ  Ná»™i

ğŸ“© Email: bachngancons@gmail.com

#Hashtag
#CatDauCoc #Coc150x150 #ThiCongMong #BeTongCotThep #BachNganConstruction #AnToanLaoDong #QualityFirst #ChecklistCongTruong#Thicongtrongoi#Turmkey#Chiakhoatraotay#BaoGiaXayDung",,fb.com/685584137972236_122139222332916717,HoÃ n thÃ nh
04/10/2025,10:55,"Cáº­p nháº­t tiáº¿n Ä‘á»™ hoÃ n thiá»‡n ná»™i tháº¥t nhÃ  á»Ÿ gia Ä‘Ã¬nh 
Cáº£m Æ¡n quÃ½ khÃ¡ch hÃ ng Ä‘Ã£ tin tÆ°á»Ÿng lá»±a chá»n chÃºng tÃ´i thi cÃ´ng
-----------------------------------------------------
ThÃ´ng tin cÃ´ng trÃ¬nh:
Äá»‹a chá»‰: NgÃ´ Quyá»n, Háº£i PhÃ²ng
Háº¡ng má»¥c triá»ƒn khai: Thi cÃ´ng ná»™i tháº¥t phÃ²ng khÃ¡ch, phÃ²ng ngá»§, phÃ²ng báº¿p, cÃ¡c khu vá»±c phá»¥ trá»£
Thá»i gian thi cÃ´ng: 10/2025
-----------------------------------------------------

Má»—i khÃ´ng gian sá»‘ng lÃ  má»™t cÃ¢u chuyá»‡n. VÃ  chÃºng tÃ´i Ä‘Ã£ cÃ¹ng gia chá»§ viáº¿t nÃªn cÃ¢u chuyá»‡n áº¥y báº±ng sá»± tá»‰ má»‰ trong tá»«ng chi tiáº¿t, chá»‰n chu trong tá»«ng Ä‘Æ°á»ng nÃ©t.

ğŸ“ PhÃ²ng khÃ¡ch: Äiá»ƒm nháº¥n vá»›i vÃ¡ch á»‘p Ä‘Ã¡ sang trá»ng, káº¿t há»£p gá»— áº¥m Ã¡p, táº¡o nÃªn khÃ´ng gian vá»«a hiá»‡n Ä‘áº¡i vá»«a gáº§n gÅ©i.

ğŸ“ PhÃ²ng báº¿p: Thiáº¿t káº¿ thÃ´ng minh, táº­n dá»¥ng tá»‘i Ä‘a cÃ´ng nÄƒng, gam mÃ u sÃ¡ng giÃºp cÄƒn báº¿p luÃ´n thoÃ¡ng Ä‘Ã£ng, sáº¡ch sáº½ vÃ  trÃ n Ä‘áº§y nÄƒng lÆ°á»£ng tÃ­ch cá»±c.

ğŸ“ PhÃ²ng ngá»§: Ná»™i tháº¥t gá»— tinh táº¿, thiáº¿t káº¿ tá»‘i giáº£n nhÆ°ng tiá»‡n nghi, mang láº¡i cáº£m giÃ¡c thÆ° giÃ£n tuyá»‡t Ä‘á»‘i sau má»™t ngÃ y dÃ i.

ğŸ“ Khu vá»±c khÃ¡c: Táº¥t cáº£ Ä‘á»u Ä‘Æ°á»£c hoÃ n thiá»‡n theo tiÃªu chÃ­ bá»n â€“ Ä‘áº¹p â€“ tinh táº¿, Ä‘Ã¡p á»©ng mong muá»‘n cá»§a gia chá»§ vá» má»™t khÃ´ng gian sá»‘ng hoÃ n háº£o.

ğŸ’¡ Vá»›i chÃºng tÃ´i, thi cÃ´ng ná»™i tháº¥t khÃ´ng chá»‰ lÃ  dá»±ng nÃªn cÄƒn nhÃ , mÃ  cÃ²n lÃ  kiáº¿n táº¡o tá»• áº¥m â€“ nÆ¡i khÃ¡ch hÃ ng tÃ¬m tháº¥y sá»± an yÃªn vÃ  háº¡nh phÃºc má»—i ngÃ y.

ğŸ‘‰ Náº¿u báº¡n cÅ©ng Ä‘ang tÃ¬m kiáº¿m má»™t Ä‘á»™i ngÅ© thiáº¿t káº¿ & thi cÃ´ng ná»™i tháº¥t uy tÃ­n, hÃ£y liÃªn há»‡ ngay Ä‘á»ƒ Ä‘Æ°á»£c tÆ° váº¥n vÃ  tráº£i nghiá»‡m khÃ´ng gian sá»‘ng mÆ¡ Æ°á»›c cá»§a riÃªng mÃ¬nh!

âœ… Báº£o hÃ nh há»‡ thá»‘ng 5 nÄƒm
âœ… Miá»…n phÃ­ tÆ° váº¥n thiáº¿t káº¿ cÃ´ng nÄƒng
âœ… Äáº£m báº£o tiáº¿n Ä‘á»™ cháº¥t lÆ°á»£ng, chá»§ng loáº¡i váº­t tÆ° Ä‘Ã£ cam káº¿t vá»›i khÃ¡ch hÃ ng
âœ… Ká»¹ sÆ° giÃ¡m sÃ¡t trá»±c tiáº¿p, bÃ¡o cÃ¡o cÃ´ng viá»‡c online hÃ ng ngÃ y
âœ… Thiáº¿t káº¿ - thi cÃ´ng trá»n gÃ³i, chÃ¬a khÃ³a trao tay
â­ CÃ´ng ty cá»• pháº§n giáº£i phÃ¡p cÆ¡ Ä‘iá»‡n vÃ  xÃ¢y dá»±ng BÃ¡ch NgÃ¢n luÃ´n Ä‘á»“ng hÃ nh vÃ  sÃ¡t cÃ¡nh cÃ¹ng KhÃ¡ch hÃ ng, giÃ¡m sÃ¡t tá»«ng giai Ä‘oáº¡n thi cÃ´ng cá»§a cÃ´ng trÃ¬nh Ä‘áº¿n khi hoÃ n thÃ nh tiáº¿n Ä‘á»™ vÃ  bÃ n giao cho Chá»§ Ä‘áº§u tÆ°.

â­ CÃ´ng ty cá»• pháº§n giáº£i phÃ¡p cÆ¡ Ä‘iá»‡n vÃ  xÃ¢y dá»±ng BÃ¡ch NgÃ¢n luÃ´n Ä‘Æ°a ra cÃ¡c giáº£i phÃ¡p thi cÃ´ng tÃ´i Æ°u, sá»­ dá»¥ng cÃ¡c váº­t tÆ° xanh vá»›i mÃ´i trÆ°á»ng, cÃ´ng tÃ¡c báº£o trÃ¬ báº£o hÃ nh trong thá»i gian ngáº¯n nháº¥t.

â˜ï¸ Hotline/Zalo: 085.865.1818
ğŸ¡ Address: Sá»‘ 19, tá»• 3 TÃ¬nh Quang, phÆ°á»ng Viá»‡t HÆ°ng, thÃ nh phá»‘ HÃ  Ná»™i
ğŸ“© Email: bachngancons@gmail.com",,fb.com/685584137972236_122141756312916717,HoÃ n thÃ nh
07/10/2025,10:30,"CAFE PHÃšC Má»™t cÃ´ng trÃ¬nh hoÃ n thiá»‡n bá»Ÿi BÃCH NGÃ‚N

KhÃ´ng cáº§n nÃ³i nhiá»u, hÃ£y Ä‘á»ƒ nhá»¯ng hÃ¬nh áº£nh thá»±c táº¿ nÃ y chá»©ng minh cho cháº¥t lÆ°á»£ng vÃ  sá»± táº­n tÃ¢m cá»§a chÃºng tÃ´i.

ChÃºc cho CAFE PHÃšC khai trÆ°Æ¡ng há»“ng phÃ¡t vÃ  trá»Ÿ thÃ nh Ä‘iá»ƒm Ä‘áº¿n yÃªu thÃ­ch cá»§a má»i ngÆ°á»i!

Báº¡n Ä‘ang tÃ¬m kiáº¿m má»™t Ä‘Æ¡n vá»‹ thi cÃ´ng uy tÃ­n. LiÃªn há»‡ vá»›i chÃºng tÃ´i ngay hÃ´m nay Ä‘á»ƒ Ä‘Æ°á»£c tÆ° váº¥n miá»…n phÃ­

â˜ï¸ Hotline/Zalo: 085.865.1818
ğŸ¡ Address: Sá»‘ 19, tá»• 3 TÃ¬nh Quang, phÆ°á»ng Viá»‡t HÆ°ng, thÃ nh phá»‘ HÃ  Ná»™i
ğŸ“© Email: bachngancons@gmail.com
Hashtags:
#feedbackkhachhang #congtrinhhoanthien #thiconguytin #cafephuc #xaydungbachngan",,fb.com/685584137972236_122142660722916717,HoÃ n thÃ nh
15/10/2025,11:30,"BÃO GIÃ XÃ‚Y NHÃ€ TRá»ŒN GÃ“I: Äá»ªNG Äá»‚ ""MA TRáº¬N"" CHI PHÃ LÃ€M Báº N ÄAU Äáº¦U!

ChÃ o cÃ¡c anh chá»‹, nhá»¯ng ngÆ°á»i Ä‘ang áº¥p á»§ giáº¥c mÆ¡ vá» ngÃ´i nhÃ  cá»§a riÃªng mÃ¬nh!

XÃ¢y nhÃ  lÃ  viá»‡c lá»›n cá»§a cáº£ Ä‘á»i ngÆ°á»i. BÃªn cáº¡nh niá»m vui, sá»± hÃ¡o há»©c lÃ  vÃ´ vÃ n nhá»¯ng lo láº¯ng, vÃ  má»™t trong nhá»¯ng ná»—i lo lá»›n nháº¥t chÃ­nh lÃ  CHI PHÃ. Má»™t bÃ¡o giÃ¡ thi cÃ´ng máº­p má», thiáº¿u chi tiáº¿t cÃ³ thá»ƒ dáº«n Ä‘áº¿n nhá»¯ng chi phÃ­ phÃ¡t sinh khÃ´ng kiá»ƒm soÃ¡t, áº£nh hÆ°á»Ÿng Ä‘áº¿n cháº¥t lÆ°á»£ng cÃ´ng trÃ¬nh vÃ  phÃ¡ vá»¡ má»i káº¿ hoáº¡ch tÃ i chÃ­nh cá»§a báº¡n.

Vá»›i kinh nghiá»‡m nhiá»u nÄƒm trong lÄ©nh vá»±c dá»± toÃ¡n vÃ  thi cÃ´ng trá»n gÃ³i, chÃºng tÃ´i hiá»ƒu ráº±ng: Sá»± MINH Báº CH trong bÃ¡o giÃ¡ chÃ­nh lÃ  ná»n táº£ng cá»§a Sá»° TIN TÆ¯á»NG.

Váº­y, má»™t báº£ng bÃ¡o giÃ¡ thi cÃ´ng trá»n gÃ³i MINH Báº CH & CHUYÃŠN NGHIá»†P cáº§n cÃ³ nhá»¯ng gÃ¬? HÃ£y cÃ¹ng chÃºng tÃ´i ""Ä‘á»c vá»‹"" nhÃ©!

1. Báº£ng BÃ¡o GiÃ¡ Pháº£i Chi Tiáº¿t NhÆ° ""Danh SÃ¡ch Äi Chá»£"" ğŸ“
Má»™t bÃ¡o giÃ¡ tá»‘t sáº½ khÃ´ng bao giá» ghi chung chung. NÃ³ pháº£i rÃµ rÃ ng tá»«ng mÃ³n, y nhÆ° list Ä‘á»“ báº¡n Ä‘i siÃªu thá»‹ váº­y!

ğŸ§± Gáº¡ch, Sáº¯t, ThÃ©p, Xi mÄƒng: HÃ£ng nÃ o? Loáº¡i gÃ¬?

ğŸ’¡ DÃ¢y Ä‘iá»‡n, á»‘ng nÆ°á»›c: ThÆ°Æ¡ng hiá»‡u nÃ o? (vÃ­ dá»¥: Sino, tiá»n Phong, Tráº§n PhÃº)

ğŸ¨ SÆ¡n: HÃ£ng nÃ o? SÆ¡n máº¥y lá»›p?

ğŸš½ Bá»“n cáº§u, vÃ²i nÆ°á»›c: Cá»§a hÃ£ng nÃ o? MÃ£ sáº£n pháº©m lÃ  gÃ¬?

ğŸ‘‰ Máº¹o nhá»: CÃ ng chi tiáº¿t, cÃ ng khÃ³ bá»‹ thay Ä‘á»•i váº­t tÆ° kÃ©m cháº¥t lÆ°á»£ng.

2. ""LÃ m Tá»›i ÄÃ¢u, Tráº£ Tiá»n Tá»›i ÄÃ³"" ğŸ’°
Äá»«ng bao giá» tráº£ háº¿t tiá»n má»™t láº§n! Má»™t quy trÃ¬nh lÃ m viá»‡c chuyÃªn nghiá»‡p sáº½ chia viá»‡c thanh toÃ¡n thÃ nh nhiá»u Ä‘á»£t, tÆ°Æ¡ng á»©ng vá»›i tiáº¿n Ä‘á»™ cÃ´ng viá»‡c.

Äá»‘i vá»›i cÃ´ng trÃ¬nh lÃ m má»›i:

Tiáº¿n Ä‘á»™ thanh toÃ¡n sáº½ tÆ°Æ¡ng á»©ng vá»›i tiáº¿n Ä‘á»™ hoÃ n thÃ nh cÃ´ng viá»‡c, tá»«ng giai Ä‘oáº¡n

VÃ­ dá»¥:

âœ… Xong mÃ³ng -> Nghiá»‡m thu -> Thanh toÃ¡n Ä‘á»£t 1

âœ… Xong sÃ n táº§ng 1 -> Nghiá»‡m thu -> Thanh toÃ¡n Ä‘á»£t 2

Äá»‘i vá»›i cÃ´ng trÃ¬nh cáº£i táº¡o:

âœ… PhÃ¡ dá»¡, cÃ¡c cÃ´ng tÃ¡c Ä‘á»• bÃª tÃ´ng bÃ¹, cÃ´ng tÃ¡c trÃ¡t -> Nghiá»‡m thu -> Thanh toÃ¡n Ä‘á»£t 1

âœ… á»p lÃ¡t, Ä‘iá»‡n nÆ°á»›c, chá»‘ng tháº¥m... -> Nghiá»‡m thu -> Thanh toÃ¡n Ä‘á»£t 2

Má»i giai Ä‘oáº¡n thanh toÃ¡n cá»© nhÆ° váº­y cho Ä‘áº¿n khi hoÃ n thÃ nh.

ğŸ‘‰ Máº¹o nhá»: CÃ¡ch nÃ y giÃºp báº¡n giá»¯ quyá»n chá»§ Ä‘á»™ng, nhÃ  tháº§u cÅ©ng cÃ³ trÃ¡ch nhiá»‡m hoÃ n thÃ nh tá»‘t tá»«ng giai Ä‘oáº¡n.

3. Má»i ""PhÃ¡t Sinh"" Äá»u Pháº£i ÄÆ°á»£c KÃ½ Duyá»‡t âœï¸

Trong lÃºc xÃ¢y, Ä‘Ã´i khi báº¡n muá»‘n Ä‘á»•i gáº¡ch Ä‘áº¹p hÆ¡n, thÃªm á»• cáº¯m... nhá»¯ng thay Ä‘á»•i nÃ y gá»i lÃ  ""phÃ¡t sinh"". Má»™t nhÃ  tháº§u uy tÃ­n sáº½:

BÃ¡o cho báº¡n chi phÃ­ thay Ä‘á»•i Ä‘Ã³ lÃ  bao nhiÃªu.

Chá»‰ thi cÃ´ng khi báº¡n Ä‘Ã£ Ä‘á»“ng Ã½ vÃ  kÃ½ xÃ¡c nháº­n.

ğŸ‘‰ Máº¹o nhá»: Äiá»u nÃ y giÃºp báº¡n kiá»ƒm soÃ¡t 100% ngÃ¢n sÃ¡ch. Sáº½ khÃ´ng cÃ³ chuyá»‡n ""lá»¡ lÃ m rá»“i nÃªn pháº£i tráº£ thÃªm"" á»Ÿ Ä‘Ã¢y!

Lá»œI KHUYÃŠN CHO CÃC CHá»¦ NHÃ€ TRÆ¯á»šC KHI THI CÃ”NG NHÃ€:

Má»™t báº£ng bÃ¡o giÃ¡ minh báº¡ch chÃ­nh lÃ  lá»i cam káº¿t Ä‘áº§u tiÃªn vá» má»™t ngÃ´i nhÃ  cháº¥t lÆ°á»£ng. Äá»«ng ngáº§n ngáº¡i yÃªu cáº§u nhÃ  tháº§u giáº£i thÃ­ch cáº·n káº½ tá»«ng con sá»‘ nhÃ©!

â¤ï¸ Náº¿u báº¡n Ä‘ang cÃ³ dá»± Ä‘á»‹nh xÃ¢y nhÃ  vÃ  cáº§n má»™t báº£ng dá»± toÃ¡n RÃ• RÃ€NG - CHI TIáº¾T - KHÃ”NG CHI PHÃ áº¨N, hÃ£y nháº¯n tin cho chÃºng tÃ´i ngay!

ğŸ“ Hotline/Zalo: 085-865-1818
ğŸŒ Website: bachnganngons.com

#BaoGiaXayNha #XayNhaTronGoi #MeoXayNha #ChiPhiXayDung #XayDungMinhBach #[CongtycophangiaiphapcodienvaxaydungBachNgan]",,fb.com/685584137972236_122144951090916717,HoÃ n thÃ nh
18/10/2025,09:30,"XIN CHÃ€O CÃC Báº N, Äá»‚ TIáº¾P Tá»¤C SERI CHIA Sáºº Vá»€ Váº¬T LIá»†U XÃ‚Y Dá»°NG. SAU ÄÃ‚Y MÃŒNH TIáº¾P Tá»¤C CHIA Sáºº Vá»€ Sá»° KHÃC NHAU, Æ¯U ÄIá»‚M, NHá»°A ÄIá»‚M Cá»¦A Váº¬T LIá»†U Táº O NÃŠN Cáº¤P PHá»I BÃŠ TÃ”NG:

Sá»I Tá»° NHIÃŠN vs. ÄÃ NGHIá»€N: NGUá»’N Gá»C NÃ€O Táº O RA BÃŠ TÃ”NG Vá»®NG CHáº®C?

ChÃ o cÃ¡c anh chá»‹ chá»§ nhÃ !

Khi chá»n váº­t liá»‡u Ä‘á»• bÃª tÃ´ng, chÃºng ta thÆ°á»ng nghe Ä‘áº¿n hai cÃ¡i tÃªn: Sá»i cuá»™i vÃ  ÄÃ¡ dÄƒm. NhÆ°ng Ã­t ai hiá»ƒu rÃµ chÃºng Ä‘áº¿n tá»« Ä‘Ã¢u vÃ  táº¡i sao nguá»“n gá»‘c Ä‘Ã³ láº¡i quyáº¿t Ä‘á»‹nh trá»±c tiáº¿p Ä‘áº¿n sá»± an toÃ n cá»§a cáº£ ngÃ´i nhÃ .

HÃ´m nay, vá»›i gÃ³c nhÃ¬n cá»§a má»™t Ä‘Æ¡n vá»‹ thi cÃ´ng nhÃ  trá»n gÃ³i, cÅ©ng lÃ  má»™t trÆ°á»Ÿng phÃ²ng thÃ­ nghiá»‡m váº­t liá»‡u xÃ¢y dá»±ng lass 433, mÃ¬nh sáº½ ""truy táº­n gá»‘c"" hai loáº¡i váº­t liá»‡u nÃ y Ä‘á»ƒ má»i ngÆ°á»i cÃ¹ng hiá»ƒu rÃµ nhÃ©!

ğŸ” Nguá»“n Gá»‘c Tá»« ÄÃ¢u?
1. Sá»i, Cuá»™i: ""TÃ¡c Pháº©m"" Cá»§a Tá»± NhiÃªn ğŸï¸
Nguá»“n gá»‘c: Sá»i cuá»™i lÃ  cá»‘t liá»‡u tá»± nhiÃªn 100%. ChÃºng Ä‘Æ°á»£c hÃ¬nh thÃ nh sau hÃ ng triá»‡u nÄƒm bá»Ÿi sá»©c máº¡nh cá»§a dÃ²ng nÆ°á»›c.

QuÃ¡ trÃ¬nh táº¡o thÃ nh: Nhá»¯ng táº£ng Ä‘Ã¡ lá»›n tá»« trÃªn nÃºi bá»‹ vá»¡ ra, theo dÃ²ng sÃ´ng, con suá»‘i cuá»‘n Ä‘i. TrÃªn hÃ nh trÃ¬nh Ä‘Ã³, chÃºng va Ä‘áº­p, cá» xÃ¡t vÃ o nhau vÃ  bá»‹ mÃ i mÃ²n liÃªn tá»¥c. QuÃ¡ trÃ¬nh ""mÃ i giÅ©a"" tá»± nhiÃªn nÃ y Ä‘Ã£ loáº¡i bá» háº¿t cÃ¡c gÃ³c cáº¡nh sáº¯c, táº¡o ra nhá»¯ng viÃªn sá»i, cuá»™i cÃ³ hÃ¬nh dÃ¡ng trÃ²n trá»‹a, bá» máº·t nháºµn bÃ³ng mÃ  chÃºng ta hay tháº¥y.

Khai thÃ¡c: ChÃºng Ä‘Æ°á»£c khai thÃ¡c trá»±c tiáº¿p tá»« cÃ¡c bÃ£i bá»“i, lÃ²ng sÃ´ng, lÃ²ng suá»‘i.

2. ÄÃ¡ DÄƒm (ÄÃ¡ 1x2, 2x4...): Sáº£n Pháº©m ""NhÃ¢n Táº¡o"" Tá»« MÃ¡y MÃ³c ğŸ­
Nguá»“n gá»‘c: ÄÃ¡ dÄƒm lÃ  cá»‘t liá»‡u nhÃ¢n táº¡o. NÃ³ Ä‘Æ°á»£c sáº£n xuáº¥t cÃ´ng nghiá»‡p theo má»™t quy trÃ¬nh cÃ³ kiá»ƒm soÃ¡t.

QuÃ¡ trÃ¬nh táº¡o thÃ nh: NgÆ°á»i ta sáº½ khai thÃ¡c nhá»¯ng khá»‘i Ä‘Ã¡ nguyÃªn khá»‘i khá»•ng lá»“ (nhÆ° Ä‘Ã¡ granite, Ä‘Ã¡ vÃ´i...) tá»« cÃ¡c má» Ä‘Ã¡. Sau Ä‘Ã³, nhá»¯ng khá»‘i Ä‘Ã¡ nÃ y Ä‘Æ°á»£c Ä‘Æ°a vÃ o má»™t dÃ¢y chuyá»n mÃ¡y nghiá»n cÃ´ng suáº¥t lá»›n. MÃ¡y sáº½ phÃ¡ vá»¡, xay nhá» Ä‘Ã¡ ra thÃ nh nhá»¯ng kÃ­ch thÆ°á»›c tiÃªu chuáº©n (nhÆ° 1x2cm, 2x4cm...).

Äáº·c Ä‘iá»ƒm: ChÃ­nh vÃ¬ Ä‘Æ°á»£c táº¡o ra bá»Ÿi lá»±c phÃ¡ vá»¡ cá»§a mÃ¡y mÃ³c, Ä‘Ã¡ dÄƒm cÃ³ hÃ¬nh dáº¡ng gÃ³c cáº¡nh sáº¯c, gá»“ ghá», vÃ  bá» máº·t ráº¥t nhÃ¡m.

âš™ï¸ Nguá»“n Gá»‘c áº¢nh HÆ°á»Ÿng Äáº¿n Cháº¥t LÆ°á»£ng BÃª TÃ´ng Ra Sao?
BÃ¢y giá» chÃºng ta sáº½ ná»‘i cÃ¡c dá»¯ kiá»‡n láº¡i. ChÃ­nh nguá»“n gá»‘c Ä‘Ã£ táº¡o ra sá»± khÃ¡c biá»‡t ""cháº¿t ngÆ°á»i"" vá» cháº¥t lÆ°á»£ng: (cÃ¡c báº¡n xem á»Ÿ báº£ng dÆ°á»›i)

CÄƒn cá»© vÃ o Ä‘Ã¢u Ä‘á»ƒ chá»n lá»±a váº­t liá»‡u Ä‘Ãºng vá»›i yÃªu cáº§u ká»¹ thuáº­t
(Theo TiÃªu Chuáº©n TCVN 7570:2006)

Dá»±a trÃªn báº£n cháº¥t váº­t liá»‡u Ä‘Ã£ phÃ¢n tÃ­ch á»Ÿ trÃªn, tiÃªu chuáº©n xÃ¢y dá»±ng Ä‘Ã£ quy Ä‘á»‹nh ráº¥t rÃµ:

MÃ“NG, Cá»˜T, Dáº¦M, SÃ€N: ÄÃ¢y lÃ  ""bá»™ xÆ°Æ¡ng"" chá»‹u lá»±c cá»§a cáº£ ngÃ´i nhÃ . Báº®T BUá»˜C pháº£i sá»­ dá»¥ng ÄÃ DÄ‚M Ä‘á»ƒ bÃª tÃ´ng Ä‘áº¡t cÆ°á»ng Ä‘á»™ tá»‘i Ä‘a, Ä‘áº£m báº£o an toÃ n tuyá»‡t Ä‘á»‘i.

BÃŠ TÃ”NG LÃ“T, SÃ‚N, Vá»ˆA HÃˆ: CÃ¡c háº¡ng má»¥c khÃ´ng yÃªu cáº§u chá»‹u lá»±c cao, cÃ³ thá»ƒ dÃ¹ng Sá»I, CUá»˜I Ä‘á»ƒ tiáº¿t kiá»‡m chi phÃ­ mÃ  váº«n Ä‘áº£m báº£o chá»©c nÄƒng.

Káº¿t luáº­n: Nguá»“n gá»‘c quyáº¿t Ä‘á»‹nh hÃ¬nh dáº¡ng, hÃ¬nh dáº¡ng quyáº¿t Ä‘á»‹nh kháº£ nÄƒng liÃªn káº¿t, vÃ  liÃªn káº¿t quyáº¿t Ä‘á»‹nh Ä‘á»™ bá»n cá»§a bÃª tÃ´ng. Hiá»ƒu rÃµ Ä‘iá»u nÃ y sáº½ giÃºp báº¡n giÃ¡m sÃ¡t váº­t tÆ° cho tá»• áº¥m cá»§a mÃ¬nh má»™t cÃ¡ch hiá»‡u quáº£ nháº¥t!

Náº¿u cÃ³ báº¥t ká»³ tháº¯c máº¯c nÃ o, Ä‘á»«ng ngáº§n ngáº¡i comment hoáº·c inbox cho chÃºng tÃ´i Ä‘á»ƒ Ä‘Æ°á»£c giáº£i Ä‘Ã¡p!
#VatLieuXayDung #NguonGocVatLieu #BeTong #DaDam #SoiCuoi #TieuChuanXayDung #XayNhaKienThuc #XayDungChatLuong #[CongtycophangiaiphapcodienvaxaydungBachNgan]",,fb.com/685584137972236_122145714410916717,HoÃ n thÃ nh
20/10/2025,09:30,"CHá»ŒN ""CHÃ‚N"" CHO NGÃ”I NHÃ€: MÃ“NG NÃ€O LÃ€ ""CHÃ‚N ÃI"" CHO Máº¢NH Äáº¤T NHÃ€ Báº N ğŸ¡

Xin chÃ o cáº£ nhÃ .!

XÃ¢y nhÃ  cÅ©ng giá»‘ng nhÆ° chá»n giÃ y váº­y Ä‘Ã³! Má»™t Ä‘Ã´i giÃ y tá»‘t pháº£i vá»«a váº·n, cháº¯c cháº¯n vÃ  phÃ¹ há»£p vá»›i nÆ¡i mÃ¬nh Ä‘i. MÃ³ng nhÃ  cÅ©ng tháº¿, nÃ³ chÃ­nh lÃ  ""Ä‘Ã´i chÃ¢n"" cá»§a cáº£ ngÃ´i nhÃ , pháº£i Ä‘Æ°á»£c lá»±a chá»n Ä‘Ãºng thÃ¬ nhÃ  má»›i vá»¯ng chÃ£i theo nÄƒm thÃ¡ng.

HÃ´m nay, hÃ£y cÃ¹ng mÃ¬nh ""soi"" 4 loáº¡i mÃ³ng phá»• biáº¿n nháº¥t, xem nhÃ  báº¡n há»£p vá»›i loáº¡i nÃ o nhÃ©!

1. MÃ³ng ÄÆ¡n (MÃ³ng Cá»‘c) - ""Anh ChÃ ng Tiáº¿t Kiá»‡m"" ğŸ’°
TrÃ´ng tháº¿ nÃ o? LÃ  nhá»¯ng khá»‘i bÃª tÃ´ng riÃªng láº» náº±m ngay dÆ°á»›i chÃ¢n cá»™t.

ğŸ‘ Æ¯u Ä‘iá»ƒm: Ráº» nháº¥t, thi cÃ´ng nhanh nháº¥t. ÄÃºng nhÆ° tÃªn gá»i, ráº¥t tiáº¿t kiá»‡m!

ğŸ‘ NhÆ°á»£c Ä‘iá»ƒm: HÆ¡i ""kÃ©n Ä‘áº¥t"". Chá»‰ Ä‘á»©ng vá»¯ng trÃªn ná»n Ä‘áº¥t tháº­t tá»‘t, tháº­t cá»©ng. Náº¿u Ä‘áº¥t yáº¿u, nhÃ  dá»… bá»‹ lÃºn khÃ´ng Ä‘á»u, gÃ¢y ná»©t tÆ°á»ng.

ğŸ‘‰ DÃ¹ng khi nÃ o? Äáº¥t ná»n cá»©ng (Ä‘áº¥t Ä‘á»“i, Ä‘áº¥t sá»i Ä‘Ã¡), cÃ´ng trÃ¬nh nhá», nháº¹ nhÆ° nhÃ  cáº¥p 4, nhÃ  1-2 táº§ng.

2. MÃ³ng BÄƒng - ""NgÆ°á»i Anh Vá»¯ng ChÃ£i"" ğŸ’ª
TrÃ´ng tháº¿ nÃ o? LÃ  nhá»¯ng dáº£i bÃª tÃ´ng dÃ i, cháº¡y theo tÆ°á»ng hoáº·c dÆ°á»›i hÃ ng cá»™t, ná»‘i cÃ¡c chÃ¢n cá»™t láº¡i vá»›i nhau.

ğŸ‘ Æ¯u Ä‘iá»ƒm: ""Khá»e"" hÆ¡n mÃ³ng Ä‘Æ¡n nhiá»u! GiÃºp phÃ¢n bá»• Ä‘á»u trá»ng lÆ°á»£ng, chá»‘ng lÃºn lá»‡ch tá»‘t hÆ¡n. An toÃ n cho nhá»¯ng ngÃ´i nhÃ  lá»›n hÆ¡n.

ğŸ‘ NhÆ°á»£c Ä‘iá»ƒm: Tá»‘n váº­t liá»‡u vÃ  thá»i gian thi cÃ´ng hÆ¡n mÃ³ng Ä‘Æ¡n.

ğŸ‘‰ DÃ¹ng khi nÃ o? Ná»n Ä‘áº¥t trung bÃ¬nh, khÃ´ng quÃ¡ yáº¿u. Ráº¥t phá»• biáº¿n cho nhÃ  phá»‘, biá»‡t thá»± tá»« 2 Ä‘áº¿n 4 táº§ng.

3. MÃ³ng BÃ¨ - ""Chiáº¿c Thuyá»n Khá»•ng Lá»“"" ğŸ›¶
TrÃ´ng tháº¿ nÃ o? LÃ  má»™t táº¥m sÃ n bÃª tÃ´ng cá»‘t thÃ©p khá»•ng lá»“, tráº£i rá»™ng ra toÃ n bá»™ diá»‡n tÃ­ch xÃ¢y dá»±ng cá»§a ngÃ´i nhÃ .

ğŸ‘ Æ¯u Ä‘iá»ƒm: Cá»±c ká»³ á»•n Ä‘á»‹nh! NgÃ´i nhÃ  cá»§a báº¡n sáº½ ""ná»•i"" trÃªn ná»n Ä‘áº¥t yáº¿u nhÆ° má»™t chiáº¿c bÃ¨ vá»¯ng chÃ£i. Chá»‘ng lÃºn vÃ  chá»‘ng tháº¥m táº§ng háº§m cá»±c tá»‘t.

ğŸ‘ NhÆ°á»£c Ä‘iá»ƒm: Ráº¥t tá»‘n kÃ©m! Cáº§n lÆ°á»£ng sáº¯t thÃ©p vÃ  bÃª tÃ´ng ráº¥t lá»›n.

ğŸ‘‰ DÃ¹ng khi nÃ o? Ná»n Ä‘áº¥t yáº¿u, Ä‘áº¥t bÃ¹n, Ä‘áº¥t san láº¥p hoáº·c nhá»¯ng nÆ¡i cÃ³ má»±c nÆ°á»›c ngáº§m cao. ThÆ°á»ng dÃ¹ng cho cÃ¡c cÃ´ng trÃ¬nh cÃ³ táº§ng háº§m.

4. MÃ³ng Cá»c - ""Káº» BÃ¡m Trá»¥ SÃ¢u Nháº¥t"" ğŸŒ³
TrÃ´ng tháº¿ nÃ o? Gá»“m nhiá»u cá»c bÃª tÃ´ng Ä‘Æ°á»£c Ã©p/Ä‘Ã³ng sÃ¢u xuá»‘ng lÃ²ng Ä‘áº¥t cho Ä‘áº¿n khi cháº¡m tá»›i lá»›p Ä‘áº¥t cá»©ng hoáº·c Ä‘Ã¡ gá»‘c.

ğŸ‘ Æ¯u Ä‘iá»ƒm: Giáº£i phÃ¡p tá»‘i Æ°u vÃ  an toÃ n nháº¥t trÃªn ná»n Ä‘áº¥t cá»±c yáº¿u. Giá»‘ng nhÆ° rá»… cÃ¢y cá»• thá»¥, nÃ³ bÃ¡m sÃ¢u vÃ o lÃ²ng Ä‘áº¥t, gÃ¡nh Ä‘Æ°á»£c nhá»¯ng cÃ´ng trÃ¬nh ráº¥t lá»›n vÃ  cao táº§ng.

ğŸ‘ NhÆ°á»£c Ä‘iá»ƒm: Tá»‘n kÃ©m vÃ  phá»©c táº¡p nháº¥t! ÄÃ²i há»i mÃ¡y mÃ³c chuyÃªn dá»¥ng (mÃ¡y Ã©p cá»c) vÃ  ká»¹ thuáº­t thi cÃ´ng cao.

ğŸ‘‰ DÃ¹ng khi nÃ o? Äáº¥t ná»n cá»±c ká»³ yáº¿u (Ä‘áº¥t ao há»“, Ä‘áº¥t ruá»™ng). DÃ nh cho cÃ¡c nhÃ  cao táº§ng (>4-5 táº§ng) hoáº·c nhÃ  xÃ¢y trÃªn Ä‘á»‹a hÃ¬nh phá»©c táº¡p.

Lá»i khuyÃªn tá»« trÃ¡i tim â¤ï¸: Viá»‡c chá»n mÃ³ng nÃ o khÃ´ng thá»ƒ quyáº¿t Ä‘á»‹nh qua cáº£m tÃ­nh. Báº¡n NHáº¤T Äá»ŠNH pháº£i cÃ³ Ä‘Æ¡n vá»‹ kháº£o sÃ¡t Ä‘á»‹a cháº¥t Ä‘á»ƒ ""báº¯t bá»‡nh"" cho máº£nh Ä‘áº¥t. Tá»« Ä‘Ã³, cÃ¡c ká»¹ sÆ° káº¿t cáº¥u má»›i cÃ³ thá»ƒ kÃª Ä‘Ãºng ""Ä‘Æ¡n thuá»‘c"" lÃ  loáº¡i mÃ³ng phÃ¹ há»£p nháº¥t, vá»«a an toÃ n, vá»«a tiáº¿t kiá»‡m!

#KetCauNha #MongNha #XayNhaKienThuc #XayDungUyTin #TuVanXayDung #",,fb.com/685584137972236_122146146920916717,HoÃ n thÃ nh